username,password,creation_time
,,2023-12-02T18:34:29.314680
aa,a,2023-12-02T18:34:53.665225
hi,hi,2023-12-03T09:54:51.388106
78,78,2023-12-03T10:28:04.170840
test,test,2023-12-03T09:51:41.001912
12341,12341,2023-12-03T10:52:17.663757
,,2023-12-03T11:02:40.087722
why,why,2023-12-03T11:32:14.111454
100,100,2023-12-03T11:03:14.785441
hihi,,2023-12-03T10:36:08.201535
hihihi,hihih,2023-12-03T10:36:33.957675
testy,testy,2023-12-03T11:37:53.984062
bla,bla,2023-12-03T10:43:20.806650
1904,1904,2023-12-03T10:55:06.751640
